id,identifier,generation_id,type_id,power,pp,accuracy,priority,target_id,damage_class_id,effect_id,effect_chance,contest_type_id,contest_effect_id,super_contest_effect_id,name
1,pound,1,1,40.0,35.0,100.0,0,10,2,1,,5.0,1.0,5.0,Pound
2,karate-chop,1,2,50.0,25.0,100.0,0,10,2,44,,5.0,2.0,5.0,Karate Chop
3,double-slap,1,1,15.0,10.0,85.0,0,10,2,30,,5.0,10.0,7.0,Double Slap
4,comet-punch,1,1,18.0,15.0,85.0,0,10,2,30,,5.0,12.0,7.0,Comet Punch
5,mega-punch,1,1,80.0,20.0,85.0,0,10,2,1,,5.0,1.0,18.0,Mega Punch
6,pay-day,1,1,40.0,20.0,100.0,0,10,2,35,,4.0,11.0,23.0,Pay Day
7,fire-punch,1,10,75.0,15.0,100.0,0,10,2,5,10.0,2.0,1.0,17.0,Fire Punch
8,ice-punch,1,15,75.0,15.0,100.0,0,10,2,6,10.0,2.0,1.0,17.0,Ice Punch
9,thunder-punch,1,13,75.0,15.0,100.0,0,10,2,7,10.0,1.0,1.0,17.0,Thunder Punch
10,scratch,1,1,40.0,35.0,100.0,0,10,2,1,,5.0,1.0,5.0,Scratch
11,vice-grip,1,1,55.0,30.0,100.0,0,10,2,1,,5.0,1.0,5.0,Vise Grip
12,guillotine,1,1,,5.0,30.0,0,10,2,39,,1.0,14.0,9.0,Guillotine
13,razor-wind,1,1,80.0,10.0,100.0,0,11,3,40,,1.0,2.0,6.0,Razor Wind
14,swords-dance,1,1,,20.0,,0,7,1,51,,2.0,32.0,11.0,Swords Dance
15,cut,1,1,50.0,30.0,95.0,0,10,2,1,,1.0,14.0,5.0,Cut
16,gust,1,3,40.0,35.0,100.0,0,10,3,150,,4.0,21.0,5.0,Gust
17,wing-attack,1,3,60.0,35.0,100.0,0,10,2,1,,1.0,12.0,5.0,Wing Attack
18,whirlwind,1,1,,20.0,,-6,10,1,29,,4.0,21.0,9.0,Whirlwind
19,fly,1,3,90.0,15.0,95.0,0,10,2,156,,4.0,15.0,6.0,Fly
20,bind,1,1,15.0,20.0,85.0,0,10,2,43,100.0,5.0,24.0,21.0,Bind
21,slam,1,1,80.0,20.0,75.0,0,10,2,1,,5.0,23.0,5.0,Slam
22,vine-whip,1,12,45.0,25.0,100.0,0,10,2,1,,1.0,1.0,5.0,Vine Whip
23,stomp,1,1,65.0,20.0,100.0,0,10,2,151,30.0,5.0,4.0,5.0,Stomp
24,double-kick,1,2,30.0,30.0,100.0,0,10,2,45,,1.0,12.0,7.0,Double Kick
25,mega-kick,1,1,120.0,5.0,75.0,0,10,2,1,,1.0,1.0,18.0,Mega Kick
26,jump-kick,1,2,100.0,10.0,95.0,0,10,2,46,,1.0,3.0,5.0,Jump Kick
27,rolling-kick,1,2,60.0,15.0,85.0,0,10,2,32,30.0,1.0,5.0,5.0,Rolling Kick
28,sand-attack,1,5,,15.0,100.0,0,10,1,24,,3.0,10.0,19.0,Sand Attack
29,headbutt,1,1,70.0,15.0,100.0,0,10,2,32,30.0,5.0,9.0,5.0,Headbutt
30,horn-attack,1,1,65.0,25.0,100.0,0,10,2,1,,1.0,1.0,5.0,Horn Attack
31,fury-attack,1,1,15.0,20.0,85.0,0,10,2,30,,1.0,10.0,7.0,Fury Attack
32,horn-drill,1,1,,5.0,30.0,0,10,2,39,,1.0,14.0,9.0,Horn Drill
33,tackle,1,1,40.0,35.0,100.0,0,10,2,1,,5.0,1.0,5.0,Tackle
34,body-slam,1,1,85.0,15.0,100.0,0,10,2,7,30.0,5.0,4.0,5.0,Body Slam
35,wrap,1,1,15.0,20.0,90.0,0,10,2,43,100.0,5.0,24.0,21.0,Wrap
36,take-down,1,1,90.0,20.0,85.0,0,10,2,49,,5.0,3.0,5.0,Take Down
37,thrash,1,1,120.0,10.0,100.0,0,8,2,28,,5.0,6.0,7.0,Thrash
38,double-edge,1,1,120.0,15.0,100.0,0,10,2,199,,5.0,3.0,9.0,Double-Edge
39,tail-whip,1,1,,30.0,100.0,0,11,1,20,,3.0,28.0,19.0,Tail Whip
40,poison-sting,1,4,15.0,35.0,100.0,0,10,2,3,30.0,4.0,9.0,19.0,Poison Sting
41,twineedle,1,7,25.0,20.0,100.0,0,10,2,78,20.0,1.0,9.0,7.0,Twineedle
42,pin-missile,1,7,25.0,20.0,95.0,0,10,2,30,,1.0,10.0,7.0,Pin Missile
43,leer,1,1,,30.0,100.0,0,11,1,20,100.0,1.0,24.0,19.0,Leer
44,bite,1,17,60.0,25.0,100.0,0,10,2,32,30.0,5.0,5.0,5.0,Bite
45,growl,1,1,,40.0,100.0,0,11,1,19,,3.0,28.0,19.0,Growl
46,roar,1,1,,20.0,,-6,10,1,29,,1.0,21.0,19.0,Roar
47,sing,1,1,,15.0,55.0,0,10,1,2,,3.0,18.0,19.0,Sing
48,supersonic,1,1,,20.0,55.0,0,10,1,50,,4.0,21.0,19.0,Supersonic
49,sonic-boom,1,1,,20.0,90.0,0,10,3,131,,1.0,12.0,5.0,Sonic Boom
50,disable,1,1,,20.0,100.0,0,10,1,87,,4.0,18.0,19.0,Disable
51,acid,1,4,40.0,30.0,100.0,0,11,3,73,10.0,4.0,4.0,5.0,Acid
52,ember,1,10,40.0,25.0,100.0,0,10,3,5,10.0,2.0,1.0,5.0,Ember
53,flamethrower,1,10,90.0,15.0,100.0,0,10,3,5,10.0,2.0,1.0,17.0,Flamethrower
54,mist,1,15,,30.0,,0,4,1,47,,2.0,15.0,13.0,Mist
55,water-gun,1,11,40.0,25.0,100.0,0,10,3,1,,3.0,1.0,5.0,Water Gun
56,hydro-pump,1,11,110.0,5.0,80.0,0,10,3,1,,2.0,1.0,17.0,Hydro Pump
57,surf,1,11,90.0,15.0,100.0,0,9,3,258,,2.0,2.0,17.0,Surf
58,ice-beam,1,15,90.0,10.0,100.0,0,10,3,6,10.0,2.0,23.0,17.0,Ice Beam
59,blizzard,1,15,110.0,5.0,70.0,0,11,3,261,10.0,2.0,1.0,17.0,Blizzard
60,psybeam,1,14,65.0,20.0,100.0,0,10,3,77,10.0,2.0,21.0,17.0,Psybeam
61,bubble-beam,1,11,65.0,20.0,100.0,0,10,3,71,10.0,2.0,5.0,2.0,Bubble Beam
62,aurora-beam,1,15,65.0,20.0,100.0,0,10,3,69,10.0,2.0,23.0,17.0,Aurora Beam
63,hyper-beam,1,1,150.0,5.0,90.0,0,10,3,81,,1.0,6.0,22.0,Hyper Beam
64,peck,1,3,35.0,35.0,100.0,0,10,2,1,,1.0,1.0,5.0,Peck
65,drill-peck,1,3,80.0,20.0,100.0,0,10,2,1,,1.0,1.0,5.0,Drill Peck
66,submission,1,2,80.0,20.0,80.0,0,10,2,49,,1.0,3.0,5.0,Submission
67,low-kick,1,2,,20.0,100.0,0,10,2,197,,5.0,4.0,5.0,Low Kick
68,counter,1,2,,20.0,100.0,-5,1,2,90,,5.0,16.0,15.0,Counter
69,seismic-toss,1,2,,20.0,100.0,0,10,2,88,,5.0,23.0,5.0,Seismic Toss
70,strength,1,1,80.0,15.0,100.0,0,10,2,1,,5.0,23.0,5.0,Strength
71,absorb,1,12,20.0,25.0,100.0,0,10,3,4,,4.0,9.0,20.0,Absorb
72,mega-drain,1,12,40.0,15.0,100.0,0,10,3,4,,4.0,4.0,20.0,Mega Drain
73,leech-seed,1,12,,10.0,90.0,0,10,1,85,,4.0,8.0,21.0,Leech Seed
74,growth,1,1,,20.0,,0,7,1,317,,2.0,32.0,11.0,Growth
75,razor-leaf,1,12,55.0,25.0,95.0,0,11,2,44,,1.0,2.0,5.0,Razor Leaf
76,solar-beam,1,12,120.0,10.0,100.0,0,10,3,152,,1.0,1.0,6.0,Solar Beam
77,poison-powder,1,4,,35.0,75.0,0,10,1,67,,4.0,33.0,19.0,Poison Powder
78,stun-spore,1,12,,30.0,75.0,0,10,1,68,,4.0,14.0,19.0,Stun Spore
79,sleep-powder,1,12,,15.0,75.0,0,10,1,2,,4.0,5.0,19.0,Sleep Powder
80,petal-dance,1,12,120.0,10.0,100.0,0,8,3,28,,2.0,6.0,21.0,Petal Dance
81,string-shot,1,7,,40.0,95.0,0,11,1,61,,4.0,9.0,19.0,String Shot
82,dragon-rage,1,16,,10.0,100.0,0,10,3,42,,1.0,26.0,5.0,Dragon Rage
83,fire-spin,1,10,35.0,15.0,85.0,0,10,3,43,100.0,2.0,24.0,21.0,Fire Spin
84,thunder-shock,1,13,40.0,30.0,100.0,0,10,3,7,10.0,1.0,1.0,5.0,Thunder Shock
85,thunderbolt,1,13,90.0,15.0,100.0,0,10,3,7,10.0,1.0,1.0,17.0,Thunderbolt
86,thunder-wave,1,13,,20.0,90.0,0,10,1,68,,1.0,14.0,19.0,Thunder Wave
87,thunder,1,13,110.0,10.0,70.0,0,10,3,153,30.0,1.0,8.0,17.0,Thunder
88,rock-throw,1,6,50.0,15.0,90.0,0,10,2,1,,5.0,12.0,5.0,Rock Throw
89,earthquake,1,5,100.0,10.0,100.0,0,9,2,148,,5.0,5.0,18.0,Earthquake
90,fissure,1,5,,5.0,30.0,0,10,2,39,,5.0,14.0,9.0,Fissure
91,dig,1,5,80.0,10.0,100.0,0,10,2,257,,4.0,15.0,6.0,Dig
92,toxic,1,4,,10.0,90.0,0,10,1,34,,4.0,33.0,19.0,Toxic
93,confusion,1,14,50.0,25.0,100.0,0,10,3,77,10.0,4.0,9.0,5.0,Confusion
94,psychic,1,14,90.0,10.0,100.0,0,10,3,73,10.0,4.0,5.0,17.0,Psychic
95,hypnosis,1,14,,20.0,60.0,0,10,1,2,,4.0,5.0,19.0,Hypnosis
96,meditate,1,14,,40.0,,0,7,1,11,,2.0,32.0,11.0,Meditate
97,agility,1,14,,30.0,,0,7,1,53,,1.0,30.0,1.0,Agility
98,quick-attack,1,1,40.0,30.0,100.0,1,10,2,104,,1.0,30.0,1.0,Quick Attack
99,rage,1,1,20.0,20.0,100.0,0,10,2,82,,1.0,17.0,11.0,Rage
100,teleport,1,14,,20.0,,-6,7,1,154,,1.0,15.0,1.0,Teleport
101,night-shade,1,8,,15.0,100.0,0,10,3,88,,4.0,23.0,5.0,Night Shade
102,mimic,1,1,,10.0,,0,10,1,83,,3.0,19.0,12.0,Mimic
103,screech,1,1,,40.0,85.0,0,10,1,60,,4.0,5.0,10.0,Screech
104,double-team,1,1,,15.0,,0,7,1,17,,1.0,16.0,1.0,Double Team
105,recover,1,1,,10.0,,0,7,1,33,,4.0,23.0,8.0,Recover
106,harden,1,1,,30.0,,0,7,1,12,,5.0,16.0,13.0,Harden
107,minimize,1,1,,10.0,,0,7,1,109,,3.0,16.0,13.0,Minimize
108,smokescreen,1,1,,20.0,100.0,0,10,1,24,,4.0,22.0,10.0,Smokescreen
109,confuse-ray,1,8,,10.0,100.0,0,10,1,50,,4.0,21.0,10.0,Confuse Ray
110,withdraw,1,11,,40.0,,0,7,1,12,,3.0,15.0,13.0,Withdraw
111,defense-curl,1,1,,40.0,,0,7,1,157,,3.0,16.0,13.0,Defense Curl
112,barrier,1,14,,20.0,,0,7,1,52,,1.0,15.0,13.0,Barrier
113,light-screen,1,14,,30.0,,0,4,1,36,,2.0,15.0,13.0,Light Screen
114,haze,1,15,,30.0,,0,12,1,26,,2.0,33.0,13.0,Haze
115,reflect,1,14,,20.0,,0,4,1,66,,4.0,15.0,13.0,Reflect
116,focus-energy,1,1,,30.0,,0,7,1,48,,1.0,5.0,11.0,Focus Energy
117,bide,1,1,,10.0,,1,7,2,27,,5.0,15.0,15.0,Bide
118,metronome,1,1,,10.0,,0,7,1,84,,3.0,17.0,14.0,Metronome
119,mirror-move,1,3,,20.0,,0,10,1,10,,4.0,19.0,15.0,Mirror Move
120,self-destruct,1,1,200.0,5.0,100.0,0,9,2,8,,2.0,7.0,9.0,Self-Destruct
121,egg-bomb,1,1,100.0,10.0,75.0,0,10,2,1,,5.0,1.0,5.0,Egg Bomb
122,lick,1,8,30.0,30.0,100.0,0,10,2,7,30.0,5.0,4.0,16.0,Lick
123,smog,1,4,30.0,20.0,70.0,0,10,3,3,40.0,5.0,5.0,5.0,Smog
124,sludge,1,4,65.0,20.0,100.0,0,10,3,3,30.0,5.0,4.0,18.0,Sludge
125,bone-club,1,5,65.0,20.0,85.0,0,10,2,32,10.0,5.0,10.0,5.0,Bone Club
126,fire-blast,1,10,110.0,5.0,85.0,0,10,3,5,10.0,2.0,1.0,17.0,Fire Blast
127,waterfall,1,11,80.0,15.0,100.0,0,10,2,32,20.0,5.0,28.0,5.0,Waterfall
128,clamp,1,11,35.0,15.0,85.0,0,10,2,43,100.0,5.0,24.0,5.0,Clamp
129,swift,1,1,60.0,20.0,,0,11,3,18,,1.0,27.0,17.0,Swift
130,skull-bash,1,1,130.0,10.0,100.0,0,10,2,146,100.0,5.0,4.0,6.0,Skull Bash
131,spike-cannon,1,1,20.0,15.0,100.0,0,10,2,30,,1.0,10.0,7.0,Spike Cannon
132,constrict,1,1,10.0,35.0,100.0,0,10,2,71,10.0,5.0,9.0,21.0,Constrict
133,amnesia,1,14,,20.0,,0,7,1,55,,3.0,32.0,11.0,Amnesia
134,kinesis,1,14,,15.0,80.0,0,10,1,24,,4.0,24.0,11.0,Kinesis
135,soft-boiled,1,1,,10.0,,0,7,1,33,,2.0,1.0,8.0,Soft-Boiled
136,high-jump-kick,1,2,130.0,10.0,90.0,0,10,2,46,,1.0,3.0,5.0,High Jump Kick
137,glare,1,1,,30.0,100.0,0,10,1,68,,5.0,5.0,19.0,Glare
138,dream-eater,1,14,100.0,15.0,100.0,0,10,3,9,,4.0,8.0,20.0,Dream Eater
139,poison-gas,1,4,,40.0,90.0,0,11,1,67,,4.0,33.0,5.0,Poison Gas
140,barrage,1,1,15.0,20.0,85.0,0,10,2,30,,5.0,12.0,7.0,Barrage
141,leech-life,1,7,80.0,10.0,100.0,0,10,2,4,,4.0,9.0,20.0,Leech Life
142,lovely-kiss,1,1,,10.0,75.0,0,10,1,2,,2.0,5.0,19.0,Lovely Kiss
143,sky-attack,1,3,140.0,5.0,90.0,0,10,2,76,30.0,1.0,2.0,6.0,Sky Attack
144,transform,1,1,,10.0,,0,10,1,58,,4.0,17.0,23.0,Transform
145,bubble,1,11,40.0,30.0,100.0,0,11,3,71,10.0,3.0,8.0,2.0,Bubble
146,dizzy-punch,1,1,70.0,10.0,100.0,0,10,2,77,20.0,1.0,4.0,16.0,Dizzy Punch
147,spore,1,12,,15.0,100.0,0,10,1,2,,2.0,5.0,10.0,Spore
148,flash,1,1,,20.0,100.0,0,10,1,24,,2.0,22.0,10.0,Flash
149,psywave,1,14,,15.0,100.0,0,10,3,89,,4.0,14.0,5.0,Psywave
150,splash,1,1,,40.0,,0,7,1,86,,3.0,28.0,16.0,Splash
151,acid-armor,1,4,,20.0,,0,7,1,52,,5.0,32.0,11.0,Acid Armor
152,crabhammer,1,11,100.0,10.0,90.0,0,10,2,44,,5.0,2.0,18.0,Crabhammer
153,explosion,1,1,250.0,5.0,100.0,0,9,2,8,,2.0,7.0,9.0,Explosion
154,fury-swipes,1,1,18.0,15.0,80.0,0,10,2,30,,5.0,10.0,7.0,Fury Swipes
155,bonemerang,1,5,50.0,10.0,90.0,0,10,2,45,,5.0,1.0,7.0,Bonemerang
156,rest,1,14,,10.0,,0,7,1,38,,3.0,16.0,8.0,Rest
157,rock-slide,1,6,75.0,10.0,90.0,0,11,2,32,30.0,5.0,5.0,5.0,Rock Slide
158,hyper-fang,1,1,80.0,15.0,90.0,0,10,2,32,10.0,1.0,4.0,18.0,Hyper Fang
159,sharpen,1,1,,30.0,,0,7,1,11,,3.0,32.0,11.0,Sharpen
160,conversion,1,1,,30.0,,0,7,1,31,,2.0,12.0,23.0,Conversion
161,tri-attack,1,1,80.0,10.0,100.0,0,10,3,37,20.0,2.0,8.0,5.0,Tri Attack
162,super-fang,1,1,,10.0,90.0,0,10,2,41,,5.0,14.0,5.0,Super Fang
163,slash,1,1,70.0,20.0,100.0,0,10,2,44,,1.0,2.0,5.0,Slash
164,substitute,1,1,,10.0,,0,7,1,80,,4.0,16.0,23.0,Substitute
165,struggle,1,1,50.0,1.0,,0,8,2,255,,1.0,1.0,5.0,Struggle
166,sketch,2,1,,1.0,,0,10,1,96,,4.0,19.0,23.0,Sketch
167,triple-kick,2,2,10.0,10.0,90.0,0,10,2,105,,1.0,1.0,7.0,Triple Kick
168,thief,2,17,60.0,25.0,100.0,0,10,2,106,,5.0,20.0,12.0,Thief
169,spider-web,2,7,,10.0,,0,10,1,107,,4.0,18.0,13.0,Spider Web
170,mind-reader,2,1,,5.0,,0,10,1,95,,4.0,24.0,20.0,Mind Reader
171,nightmare,2,8,,15.0,100.0,0,10,1,108,,4.0,5.0,19.0,Nightmare
172,flame-wheel,2,10,60.0,25.0,100.0,0,10,2,126,10.0,2.0,1.0,7.0,Flame Wheel
173,snore,2,1,50.0,15.0,100.0,0,10,3,93,30.0,3.0,1.0,5.0,Snore
174,curse,2,8,,10.0,,0,1,1,110,,5.0,31.0,21.0,Curse
175,flail,2,1,,15.0,100.0,0,10,2,100,,3.0,26.0,15.0,Flail
176,conversion-2,2,1,,30.0,,0,10,1,94,,2.0,12.0,23.0,Conversion 2
177,aeroblast,2,3,100.0,5.0,95.0,0,10,3,44,,1.0,2.0,22.0,Aeroblast
178,cotton-spore,2,12,,40.0,100.0,0,11,1,61,,2.0,10.0,1.0,Cotton Spore
179,reversal,2,2,,15.0,100.0,0,10,2,100,,1.0,28.0,15.0,Reversal
180,spite,2,8,,10.0,100.0,0,10,1,101,,5.0,26.0,19.0,Spite
181,powder-snow,2,15,40.0,25.0,100.0,0,11,3,6,10.0,2.0,1.0,5.0,Powder Snow
182,protect,2,1,,10.0,,4,7,1,112,,3.0,15.0,16.0,Protect
183,mach-punch,2,2,40.0,30.0,100.0,1,10,2,104,,1.0,30.0,1.0,Mach Punch
184,scary-face,2,1,,10.0,100.0,0,10,1,61,,5.0,10.0,2.0,Scary Face
185,feint-attack,2,17,60.0,20.0,,0,10,2,18,,4.0,27.0,18.0,Feint Attack
186,sweet-kiss,2,18,,10.0,75.0,0,10,1,50,,3.0,18.0,19.0,Sweet Kiss
187,belly-drum,2,1,,10.0,,0,7,1,143,,3.0,32.0,11.0,Belly Drum
188,sludge-bomb,2,4,90.0,10.0,100.0,0,10,3,3,30.0,5.0,10.0,18.0,Sludge Bomb
189,mud-slap,2,5,20.0,10.0,100.0,0,10,3,74,100.0,3.0,10.0,5.0,Mud-Slap
190,octazooka,2,11,65.0,10.0,85.0,0,10,3,74,50.0,5.0,10.0,4.0,Octazooka
191,spikes,2,5,,20.0,,0,6,1,113,,4.0,18.0,13.0,Spikes
192,zap-cannon,2,13,120.0,5.0,50.0,0,10,3,7,100.0,1.0,1.0,4.0,Zap Cannon
193,foresight,2,1,,40.0,,0,10,1,114,,4.0,33.0,20.0,Foresight
194,destiny-bond,2,8,,5.0,,0,7,1,99,,4.0,7.0,9.0,Destiny Bond
195,perish-song,2,1,,5.0,,0,14,1,115,,2.0,14.0,10.0,Perish Song
196,icy-wind,2,15,55.0,15.0,95.0,0,11,3,71,100.0,2.0,5.0,2.0,Icy Wind
197,detect,2,2,,5.0,,4,7,1,112,,1.0,16.0,16.0,Detect
198,bone-rush,2,5,25.0,10.0,90.0,0,10,2,30,,5.0,1.0,7.0,Bone Rush
199,lock-on,2,1,,5.0,,0,10,1,95,,4.0,24.0,20.0,Lock-On
200,outrage,2,16,120.0,10.0,100.0,0,8,2,28,,1.0,6.0,7.0,Outrage
201,sandstorm,2,6,,10.0,,0,12,1,116,,5.0,21.0,13.0,Sandstorm
202,giga-drain,2,12,75.0,10.0,100.0,0,10,3,4,,4.0,10.0,20.0,Giga Drain
203,endure,2,1,,10.0,,4,7,1,117,,5.0,16.0,13.0,Endure
204,charm,2,18,,20.0,100.0,0,10,1,59,,3.0,23.0,19.0,Charm
205,rollout,2,6,30.0,20.0,90.0,0,10,2,118,,5.0,24.0,7.0,Rollout
206,false-swipe,2,1,40.0,40.0,100.0,0,10,2,102,,1.0,5.0,16.0,False Swipe
207,swagger,2,1,,15.0,85.0,0,10,1,119,,3.0,27.0,19.0,Swagger
208,milk-drink,2,1,,10.0,,0,7,1,33,,3.0,12.0,8.0,Milk Drink
209,spark,2,13,65.0,20.0,100.0,0,10,2,7,30.0,1.0,4.0,5.0,Spark
210,fury-cutter,2,7,40.0,20.0,95.0,0,10,2,120,,1.0,17.0,7.0,Fury Cutter
211,steel-wing,2,9,70.0,25.0,90.0,0,10,2,139,10.0,1.0,12.0,5.0,Steel Wing
212,mean-look,2,1,,5.0,,0,10,1,107,,2.0,18.0,10.0,Mean Look
213,attract,2,1,,15.0,100.0,0,10,1,121,,3.0,18.0,19.0,Attract
214,sleep-talk,2,1,,10.0,,0,7,1,98,,3.0,17.0,5.0,Sleep Talk
215,heal-bell,2,1,,5.0,,0,13,1,103,,2.0,28.0,8.0,Heal Bell
216,return,2,1,,20.0,100.0,0,10,2,122,,3.0,13.0,17.0,Return
217,present,2,1,,15.0,90.0,0,10,2,123,,3.0,17.0,16.0,Present
218,frustration,2,1,,20.0,100.0,0,10,2,124,,3.0,13.0,18.0,Frustration
219,safeguard,2,1,,25.0,,0,4,1,125,,2.0,15.0,13.0,Safeguard
220,pain-split,2,1,,20.0,,0,10,1,92,,4.0,4.0,10.0,Pain Split
221,sacred-fire,2,10,100.0,5.0,95.0,0,10,2,126,50.0,2.0,1.0,22.0,Sacred Fire
222,magnitude,2,5,,30.0,100.0,0,9,2,127,,5.0,11.0,18.0,Magnitude
223,dynamic-punch,2,2,100.0,5.0,50.0,0,10,2,77,100.0,1.0,10.0,18.0,Dynamic Punch
224,megahorn,2,7,120.0,10.0,85.0,0,10,2,1,,1.0,12.0,18.0,Megahorn
225,dragon-breath,2,16,60.0,20.0,100.0,0,10,3,7,30.0,1.0,5.0,17.0,Dragon Breath
226,baton-pass,2,1,,40.0,,0,7,1,128,,3.0,18.0,16.0,Baton Pass
227,encore,2,1,,5.0,100.0,0,10,1,91,,3.0,18.0,20.0,Encore
228,pursuit,2,17,40.0,20.0,100.0,0,10,2,129,,4.0,14.0,20.0,Pursuit
229,rapid-spin,2,1,50.0,40.0,100.0,0,10,2,130,100.0,1.0,16.0,17.0,Rapid Spin
230,sweet-scent,2,1,,20.0,100.0,0,11,1,25,,3.0,5.0,19.0,Sweet Scent
231,iron-tail,2,9,100.0,15.0,75.0,0,10,2,70,30.0,1.0,4.0,18.0,Iron Tail
232,metal-claw,2,9,50.0,35.0,95.0,0,10,2,140,10.0,1.0,1.0,18.0,Metal Claw
233,vital-throw,2,2,70.0,10.0,,-1,10,2,79,,1.0,31.0,2.0,Vital Throw
234,morning-sun,2,1,,5.0,,0,7,1,133,,2.0,25.0,8.0,Morning Sun
235,synthesis,2,12,,5.0,,0,7,1,133,,4.0,25.0,8.0,Synthesis
236,moonlight,2,18,,5.0,,0,7,1,133,,2.0,25.0,8.0,Moonlight
237,hidden-power,2,1,60.0,15.0,100.0,0,10,3,136,,4.0,17.0,23.0,Hidden Power
238,cross-chop,2,2,100.0,5.0,80.0,0,10,2,44,,1.0,2.0,18.0,Cross Chop
239,twister,2,16,40.0,20.0,100.0,0,11,3,147,20.0,1.0,21.0,5.0,Twister
240,rain-dance,2,11,,5.0,,0,12,1,137,,5.0,11.0,13.0,Rain Dance
241,sunny-day,2,10,,5.0,,0,12,1,138,,2.0,11.0,13.0,Sunny Day
242,crunch,2,17,80.0,15.0,100.0,0,10,2,70,20.0,5.0,4.0,18.0,Crunch
243,mirror-coat,2,14,,20.0,100.0,-5,1,3,145,,2.0,16.0,15.0,Mirror Coat
244,psych-up,2,1,,10.0,,0,10,1,144,,4.0,12.0,11.0,Psych Up
245,extreme-speed,2,1,80.0,5.0,100.0,2,10,2,104,,1.0,30.0,1.0,Extreme Speed
246,ancient-power,2,6,60.0,5.0,100.0,0,10,3,141,10.0,5.0,32.0,18.0,Ancient Power
247,shadow-ball,2,8,80.0,15.0,100.0,0,10,3,73,20.0,4.0,22.0,17.0,Shadow Ball
248,future-sight,2,14,120.0,10.0,100.0,0,10,3,149,,4.0,24.0,17.0,Future Sight
249,rock-smash,2,2,40.0,15.0,100.0,0,10,2,70,50.0,5.0,29.0,18.0,Rock Smash
250,whirlpool,2,11,35.0,15.0,85.0,0,10,3,262,100.0,2.0,24.0,21.0,Whirlpool
251,beat-up,2,17,,10.0,100.0,0,10,2,155,,4.0,14.0,7.0,Beat Up
252,fake-out,3,1,40.0,10.0,100.0,3,10,2,159,100.0,3.0,23.0,17.0,Fake Out
253,uproar,3,1,90.0,10.0,100.0,0,8,3,160,,3.0,21.0,10.0,Uproar
254,stockpile,3,1,,20.0,,0,7,1,161,,5.0,16.0,11.0,Stockpile
255,spit-up,3,1,,10.0,100.0,0,10,3,162,,5.0,1.0,18.0,Spit Up
256,swallow,3,1,,10.0,,0,7,1,163,,5.0,32.0,8.0,Swallow
257,heat-wave,3,10,95.0,10.0,90.0,0,11,3,5,10.0,2.0,1.0,17.0,Heat Wave
258,hail,3,15,,10.0,,0,12,1,165,,2.0,5.0,13.0,Hail
259,torment,3,17,,15.0,100.0,0,10,1,166,,5.0,18.0,16.0,Torment
260,flatter,3,17,,15.0,100.0,0,10,1,167,,4.0,18.0,19.0,Flatter
261,will-o-wisp,3,10,,15.0,85.0,0,10,1,168,,2.0,4.0,17.0,Will-O-Wisp
262,memento,3,17,,10.0,100.0,0,10,1,169,,5.0,7.0,9.0,Memento
263,facade,3,1,70.0,20.0,100.0,0,10,2,170,,3.0,28.0,15.0,Facade
264,focus-punch,3,2,150.0,20.0,100.0,-3,10,2,171,,5.0,31.0,6.0,Focus Punch
265,smelling-salts,3,1,70.0,10.0,100.0,0,10,2,172,,4.0,9.0,16.0,Smelling Salts
266,follow-me,3,1,,20.0,,2,7,1,173,,3.0,24.0,14.0,Follow Me
267,nature-power,3,1,,20.0,,0,10,1,174,,2.0,11.0,14.0,Nature Power
268,charge,3,13,,20.0,,0,7,1,175,,4.0,12.0,11.0,Charge
269,taunt,3,17,,20.0,100.0,0,10,1,176,,4.0,18.0,16.0,Taunt
270,helping-hand,3,1,,20.0,,5,3,1,177,,4.0,18.0,20.0,Helping Hand
271,trick,3,14,,10.0,100.0,0,10,1,178,,4.0,12.0,12.0,Trick
272,role-play,3,14,,10.0,,0,10,1,179,,3.0,20.0,23.0,Role Play
273,wish,3,1,,10.0,,0,7,1,180,,3.0,24.0,8.0,Wish
274,assist,3,1,,20.0,,0,7,1,181,,3.0,25.0,14.0,Assist
275,ingrain,3,12,,20.0,,0,7,1,182,,4.0,15.0,21.0,Ingrain
276,superpower,3,2,120.0,5.0,100.0,0,10,2,183,100.0,5.0,3.0,18.0,Superpower
277,magic-coat,3,14,,15.0,,4,7,1,184,,2.0,15.0,15.0,Magic Coat
278,recycle,3,1,,10.0,,0,7,1,185,,4.0,17.0,12.0,Recycle
279,revenge,3,2,60.0,10.0,100.0,-4,10,2,186,,5.0,31.0,15.0,Revenge
280,brick-break,3,2,75.0,15.0,100.0,0,10,2,187,,1.0,4.0,5.0,Brick Break
281,yawn,3,1,,10.0,,0,10,1,188,,3.0,18.0,19.0,Yawn
282,knock-off,3,17,65.0,20.0,100.0,0,10,2,189,,4.0,4.0,5.0,Knock Off
283,endeavor,3,1,,5.0,100.0,0,10,2,190,,5.0,28.0,15.0,Endeavor
284,eruption,3,10,150.0,5.0,100.0,0,11,3,191,,2.0,26.0,18.0,Eruption
285,skill-swap,3,14,,10.0,,0,10,1,192,,4.0,20.0,12.0,Skill Swap
286,imprison,3,14,,10.0,,0,7,1,193,,4.0,33.0,20.0,Imprison
287,refresh,3,1,,20.0,,0,7,1,194,,3.0,32.0,8.0,Refresh
288,grudge,3,8,,5.0,,0,7,1,195,,5.0,26.0,10.0,Grudge
289,snatch,3,17,,10.0,,4,7,1,196,,4.0,14.0,12.0,Snatch
290,secret-power,3,1,70.0,20.0,100.0,0,10,2,198,30.0,4.0,29.0,14.0,Secret Power
291,dive,3,11,80.0,10.0,100.0,0,10,2,256,,2.0,16.0,6.0,Dive
292,arm-thrust,3,2,15.0,20.0,100.0,0,10,2,30,,5.0,10.0,7.0,Arm Thrust
293,camouflage,3,1,,20.0,,0,7,1,214,,4.0,2.0,13.0,Camouflage
294,tail-glow,3,7,,20.0,,0,7,1,322,,2.0,32.0,11.0,Tail Glow
295,luster-purge,3,14,70.0,5.0,100.0,0,10,3,73,50.0,4.0,9.0,22.0,Luster Purge
296,mist-ball,3,14,70.0,5.0,100.0,0,10,3,72,50.0,4.0,4.0,22.0,Mist Ball
297,feather-dance,3,3,,15.0,100.0,0,10,1,59,,2.0,28.0,19.0,Feather Dance
298,teeter-dance,3,1,,20.0,100.0,0,9,1,200,,3.0,6.0,14.0,Teeter Dance
299,blaze-kick,3,10,85.0,10.0,90.0,0,10,2,201,10.0,2.0,1.0,17.0,Blaze Kick
300,mud-sport,3,5,,15.0,,0,12,1,202,,3.0,1.0,13.0,Mud Sport
301,ice-ball,3,15,30.0,20.0,90.0,0,10,2,118,,2.0,24.0,7.0,Ice Ball
302,needle-arm,3,12,60.0,15.0,100.0,0,10,2,32,30.0,4.0,4.0,5.0,Needle Arm
303,slack-off,3,1,,10.0,,0,7,1,33,,3.0,26.0,8.0,Slack Off
304,hyper-voice,3,1,90.0,10.0,100.0,0,11,3,1,,1.0,5.0,5.0,Hyper Voice
305,poison-fang,3,4,50.0,15.0,100.0,0,10,2,203,50.0,4.0,33.0,4.0,Poison Fang
306,crush-claw,3,1,75.0,10.0,95.0,0,10,2,70,50.0,1.0,4.0,5.0,Crush Claw
307,blast-burn,3,10,150.0,5.0,90.0,0,10,3,81,,2.0,6.0,22.0,Blast Burn
308,hydro-cannon,3,11,150.0,5.0,90.0,0,10,3,81,,2.0,6.0,22.0,Hydro Cannon
309,meteor-mash,3,9,90.0,10.0,90.0,0,10,2,140,20.0,1.0,12.0,18.0,Meteor Mash
310,astonish,3,8,30.0,15.0,100.0,0,10,2,32,30.0,4.0,9.0,5.0,Astonish
311,weather-ball,3,1,50.0,10.0,100.0,0,10,3,204,,4.0,1.0,4.0,Weather Ball
312,aromatherapy,3,12,,5.0,,0,13,1,103,,4.0,28.0,8.0,Aromatherapy
313,fake-tears,3,17,,20.0,100.0,0,10,1,63,,4.0,28.0,19.0,Fake Tears
314,air-cutter,3,3,60.0,25.0,95.0,0,11,3,44,,1.0,23.0,5.0,Air Cutter
315,overheat,3,10,130.0,5.0,90.0,0,10,3,205,100.0,2.0,3.0,22.0,Overheat
316,odor-sleuth,3,1,,40.0,,0,10,1,114,,4.0,33.0,20.0,Odor Sleuth
317,rock-tomb,3,6,60.0,15.0,95.0,0,10,2,71,100.0,4.0,24.0,2.0,Rock Tomb
318,silver-wind,3,7,60.0,5.0,100.0,0,10,3,141,10.0,2.0,32.0,4.0,Silver Wind
319,metal-sound,3,9,,40.0,85.0,0,10,1,63,,4.0,5.0,10.0,Metal Sound
320,grass-whistle,3,12,,15.0,55.0,0,10,1,2,,4.0,5.0,19.0,Grass Whistle
321,tickle,3,1,,20.0,100.0,0,10,1,206,,3.0,33.0,19.0,Tickle
322,cosmic-power,3,14,,20.0,,0,7,1,207,,1.0,32.0,11.0,Cosmic Power
323,water-spout,3,11,150.0,5.0,100.0,0,11,3,191,,2.0,26.0,22.0,Water Spout
324,signal-beam,3,7,75.0,15.0,100.0,0,10,3,77,10.0,2.0,21.0,4.0,Signal Beam
325,shadow-punch,3,8,60.0,20.0,,0,10,2,18,,4.0,27.0,17.0,Shadow Punch
326,extrasensory,3,14,80.0,20.0,100.0,0,10,3,32,10.0,1.0,4.0,17.0,Extrasensory
327,sky-uppercut,3,2,85.0,15.0,90.0,0,10,2,208,,1.0,23.0,17.0,Sky Uppercut
328,sand-tomb,3,5,35.0,15.0,85.0,0,10,2,43,100.0,4.0,24.0,21.0,Sand Tomb
329,sheer-cold,3,15,,5.0,30.0,0,10,3,39,,2.0,14.0,9.0,Sheer Cold
330,muddy-water,3,11,90.0,10.0,85.0,0,11,3,74,30.0,5.0,10.0,18.0,Muddy Water
331,bullet-seed,3,12,25.0,30.0,100.0,0,10,2,30,,1.0,14.0,7.0,Bullet Seed
332,aerial-ace,3,3,60.0,20.0,,0,10,2,18,,1.0,27.0,17.0,Aerial Ace
333,icicle-spear,3,15,25.0,30.0,100.0,0,10,2,30,,2.0,23.0,7.0,Icicle Spear
334,iron-defense,3,9,,15.0,,0,7,1,52,,5.0,15.0,13.0,Iron Defense
335,block,3,1,,5.0,,0,10,1,107,,3.0,18.0,13.0,Block
336,howl,3,1,,40.0,,0,13,1,11,,1.0,32.0,11.0,Howl
337,dragon-claw,3,16,80.0,15.0,100.0,0,10,2,1,,1.0,23.0,17.0,Dragon Claw
338,frenzy-plant,3,12,150.0,5.0,90.0,0,10,3,81,,1.0,6.0,22.0,Frenzy Plant
339,bulk-up,3,2,,20.0,,0,7,1,209,,2.0,32.0,11.0,Bulk Up
340,bounce,3,3,85.0,5.0,85.0,0,10,2,264,30.0,3.0,15.0,6.0,Bounce
341,mud-shot,3,5,55.0,15.0,95.0,0,10,3,71,100.0,5.0,5.0,2.0,Mud Shot
342,poison-tail,3,4,50.0,25.0,100.0,0,10,2,210,10.0,4.0,33.0,4.0,Poison Tail
343,covet,3,1,60.0,25.0,100.0,0,10,2,106,,3.0,20.0,12.0,Covet
344,volt-tackle,3,13,120.0,15.0,100.0,0,10,2,263,10.0,1.0,3.0,22.0,Volt Tackle
345,magical-leaf,3,12,60.0,20.0,,0,10,3,18,,2.0,27.0,17.0,Magical Leaf
346,water-sport,3,11,,15.0,,0,12,1,211,,3.0,1.0,13.0,Water Sport
347,calm-mind,3,14,,20.0,,0,7,1,212,,4.0,16.0,11.0,Calm Mind
348,leaf-blade,3,12,90.0,15.0,100.0,0,10,2,44,,1.0,2.0,17.0,Leaf Blade
349,dragon-dance,3,16,,20.0,,0,7,1,213,,1.0,32.0,11.0,Dragon Dance
350,rock-blast,3,6,25.0,10.0,90.0,0,10,2,30,,5.0,12.0,7.0,Rock Blast
351,shock-wave,3,13,60.0,20.0,,0,10,3,18,,1.0,27.0,17.0,Shock Wave
352,water-pulse,3,11,60.0,20.0,100.0,0,10,3,77,20.0,2.0,21.0,17.0,Water Pulse
353,doom-desire,3,9,140.0,5.0,100.0,0,10,3,149,,1.0,24.0,17.0,Doom Desire
354,psycho-boost,3,14,140.0,5.0,90.0,0,10,3,205,100.0,4.0,3.0,22.0,Psycho Boost
355,roost,4,3,,10.0,,0,7,1,215,,1.0,,8.0,Roost
356,gravity,4,14,,5.0,,0,12,1,216,,2.0,,13.0,Gravity
357,miracle-eye,4,14,,40.0,,0,10,1,217,,3.0,,20.0,Miracle Eye
358,wake-up-slap,4,2,70.0,10.0,100.0,0,10,2,218,,4.0,,16.0,Wake-Up Slap
359,hammer-arm,4,2,100.0,10.0,90.0,0,10,2,219,100.0,1.0,,2.0,Hammer Arm
360,gyro-ball,4,9,,5.0,100.0,0,10,2,220,,2.0,,15.0,Gyro Ball
361,healing-wish,4,14,,10.0,,0,7,1,221,,3.0,,8.0,Healing Wish
362,brine,4,11,65.0,10.0,100.0,0,10,3,222,,4.0,,4.0,Brine
363,natural-gift,4,1,,15.0,100.0,0,10,2,223,,1.0,,18.0,Natural Gift
364,feint,4,1,30.0,10.0,100.0,2,10,2,224,,2.0,,16.0,Feint
365,pluck,4,3,60.0,20.0,100.0,0,10,2,225,,3.0,,12.0,Pluck
366,tailwind,4,3,,15.0,,0,4,1,226,,4.0,,1.0,Tailwind
367,acupressure,4,1,,30.0,,0,5,1,227,,1.0,,11.0,Acupressure
368,metal-burst,4,9,,10.0,100.0,0,1,2,228,,2.0,,15.0,Metal Burst
369,u-turn,4,7,70.0,20.0,100.0,0,10,2,229,,3.0,,16.0,U-turn
370,close-combat,4,2,120.0,5.0,100.0,0,10,2,230,100.0,4.0,,22.0,Close Combat
371,payback,4,17,50.0,10.0,100.0,0,10,2,231,,1.0,,6.0,Payback
372,assurance,4,17,60.0,10.0,100.0,0,10,2,232,,2.0,,15.0,Assurance
373,embargo,4,17,,15.0,100.0,0,10,1,233,,3.0,,13.0,Embargo
374,fling,4,17,,10.0,100.0,0,10,2,234,,5.0,,23.0,Fling
375,psycho-shift,4,14,,10.0,100.0,0,10,1,235,,1.0,,16.0,Psycho Shift
376,trump-card,4,1,,5.0,,0,10,3,236,,1.0,,21.0,Trump Card
377,heal-block,4,14,,15.0,100.0,0,11,1,237,,3.0,,13.0,Heal Block
378,wring-out,4,1,,5.0,100.0,0,10,3,238,,4.0,,22.0,Wring Out
379,power-trick,4,14,,10.0,,0,7,1,239,,1.0,,16.0,Power Trick
380,gastro-acid,4,4,,10.0,100.0,0,10,1,240,,2.0,,13.0,Gastro Acid
381,lucky-chant,4,1,,30.0,,0,4,1,241,,3.0,,13.0,Lucky Chant
382,me-first,4,1,,20.0,,0,2,1,242,,3.0,,1.0,Me First
383,copycat,4,1,,20.0,,0,7,1,243,,1.0,,12.0,Copycat
384,power-swap,4,14,,10.0,,0,10,1,244,,2.0,,16.0,Power Swap
385,guard-swap,4,14,,10.0,,0,10,1,245,,3.0,,16.0,Guard Swap
386,punishment,4,17,,5.0,100.0,0,10,2,246,,4.0,,23.0,Punishment
387,last-resort,4,1,140.0,5.0,100.0,0,10,2,247,,3.0,,21.0,Last Resort
388,worry-seed,4,12,,10.0,100.0,0,10,1,248,,2.0,,19.0,Worry Seed
389,sucker-punch,4,17,70.0,5.0,100.0,1,10,2,249,,4.0,,1.0,Sucker Punch
390,toxic-spikes,4,4,,20.0,,0,6,1,250,,4.0,,13.0,Toxic Spikes
391,heart-swap,4,14,,10.0,,0,10,1,251,,1.0,,16.0,Heart Swap
392,aqua-ring,4,11,,20.0,,0,7,1,252,,2.0,,8.0,Aqua Ring
393,magnet-rise,4,13,,10.0,,0,7,1,253,,3.0,,13.0,Magnet Rise
394,flare-blitz,4,10,120.0,15.0,100.0,0,10,2,254,10.0,4.0,,22.0,Flare Blitz
395,force-palm,4,2,60.0,10.0,100.0,0,10,2,7,30.0,1.0,,18.0,Force Palm
396,aura-sphere,4,2,80.0,20.0,,0,10,3,18,,2.0,,17.0,Aura Sphere
397,rock-polish,4,6,,20.0,,0,7,1,53,,5.0,,1.0,Rock Polish
398,poison-jab,4,4,80.0,20.0,100.0,0,10,2,3,30.0,4.0,,4.0,Poison Jab
399,dark-pulse,4,17,80.0,15.0,100.0,0,10,3,32,20.0,1.0,,17.0,Dark Pulse
400,night-slash,4,17,70.0,15.0,100.0,0,10,2,44,,2.0,,5.0,Night Slash
401,aqua-tail,4,11,90.0,10.0,90.0,0,10,2,1,,3.0,,5.0,Aqua Tail
402,seed-bomb,4,12,80.0,15.0,100.0,0,10,2,1,,4.0,,5.0,Seed Bomb
403,air-slash,4,3,75.0,15.0,95.0,0,10,3,32,30.0,1.0,,17.0,Air Slash
404,x-scissor,4,7,80.0,15.0,100.0,0,10,2,1,,2.0,,17.0,X-Scissor
405,bug-buzz,4,7,90.0,10.0,100.0,0,10,3,73,10.0,3.0,,4.0,Bug Buzz
406,dragon-pulse,4,16,85.0,10.0,100.0,0,10,3,1,,4.0,,4.0,Dragon Pulse
407,dragon-rush,4,16,100.0,10.0,75.0,0,10,2,32,20.0,1.0,,18.0,Dragon Rush
408,power-gem,4,6,80.0,20.0,100.0,0,10,3,1,,2.0,,5.0,Power Gem
409,drain-punch,4,2,75.0,10.0,100.0,0,10,2,4,,2.0,,20.0,Drain Punch
410,vacuum-wave,4,2,40.0,30.0,100.0,1,10,3,104,,4.0,,1.0,Vacuum Wave
411,focus-blast,4,2,120.0,5.0,70.0,0,10,3,73,10.0,1.0,,17.0,Focus Blast
412,energy-ball,4,12,90.0,10.0,100.0,0,10,3,73,10.0,2.0,,17.0,Energy Ball
413,brave-bird,4,3,120.0,15.0,100.0,0,10,2,199,,3.0,,18.0,Brave Bird
414,earth-power,4,5,90.0,10.0,100.0,0,10,3,73,10.0,4.0,,18.0,Earth Power
415,switcheroo,4,17,,10.0,100.0,0,10,1,178,,1.0,,12.0,Switcheroo
416,giga-impact,4,1,150.0,5.0,90.0,0,10,2,81,,2.0,,22.0,Giga Impact
417,nasty-plot,4,17,,20.0,,0,7,1,54,,3.0,,11.0,Nasty Plot
418,bullet-punch,4,9,40.0,30.0,100.0,1,10,2,104,,4.0,,1.0,Bullet Punch
419,avalanche,4,15,60.0,10.0,100.0,-4,10,2,186,,1.0,,15.0,Avalanche
420,ice-shard,4,15,40.0,30.0,100.0,1,10,2,104,,2.0,,1.0,Ice Shard
421,shadow-claw,4,8,70.0,15.0,100.0,0,10,2,44,,3.0,,17.0,Shadow Claw
422,thunder-fang,4,13,65.0,15.0,95.0,0,10,2,276,10.0,4.0,,5.0,Thunder Fang
423,ice-fang,4,15,65.0,15.0,95.0,0,10,2,275,10.0,1.0,,5.0,Ice Fang
424,fire-fang,4,10,65.0,15.0,95.0,0,10,2,274,10.0,2.0,,5.0,Fire Fang
425,shadow-sneak,4,8,40.0,30.0,100.0,1,10,2,104,,4.0,,1.0,Shadow Sneak
426,mud-bomb,4,5,65.0,10.0,85.0,0,10,3,74,30.0,4.0,,18.0,Mud Bomb
427,psycho-cut,4,14,70.0,20.0,100.0,0,10,2,44,,1.0,,17.0,Psycho Cut
428,zen-headbutt,4,14,80.0,15.0,90.0,0,10,2,32,20.0,2.0,,18.0,Zen Headbutt
429,mirror-shot,4,9,65.0,10.0,85.0,0,10,3,74,30.0,3.0,,17.0,Mirror Shot
430,flash-cannon,4,9,80.0,10.0,100.0,0,10,3,73,10.0,4.0,,17.0,Flash Cannon
431,rock-climb,4,1,90.0,20.0,85.0,0,10,2,77,20.0,1.0,,18.0,Rock Climb
432,defog,4,3,,15.0,,0,10,1,259,,2.0,,13.0,Defog
433,trick-room,4,14,,5.0,,-7,12,1,260,,3.0,,14.0,Trick Room
434,draco-meteor,4,16,130.0,5.0,90.0,0,10,3,205,100.0,4.0,,22.0,Draco Meteor
435,discharge,4,13,80.0,15.0,100.0,0,9,3,7,30.0,1.0,,17.0,Discharge
436,lava-plume,4,10,80.0,15.0,100.0,0,9,3,5,30.0,5.0,,17.0,Lava Plume
437,leaf-storm,4,12,130.0,5.0,90.0,0,10,3,205,100.0,3.0,,22.0,Leaf Storm
438,power-whip,4,12,120.0,10.0,85.0,0,10,2,1,,2.0,,5.0,Power Whip
439,rock-wrecker,4,6,150.0,5.0,90.0,0,10,2,81,,5.0,,22.0,Rock Wrecker
440,cross-poison,4,4,70.0,20.0,100.0,0,10,2,210,10.0,1.0,,5.0,Cross Poison
441,gunk-shot,4,4,120.0,5.0,80.0,0,10,2,3,30.0,1.0,,5.0,Gunk Shot
442,iron-head,4,9,80.0,15.0,100.0,0,10,2,32,30.0,5.0,,18.0,Iron Head
443,magnet-bomb,4,9,60.0,20.0,,0,10,2,18,,1.0,,5.0,Magnet Bomb
444,stone-edge,4,6,100.0,5.0,80.0,0,10,2,44,,5.0,,4.0,Stone Edge
445,captivate,4,1,,20.0,100.0,0,11,1,266,,2.0,,19.0,Captivate
446,stealth-rock,4,6,,20.0,,0,6,1,267,,1.0,,13.0,Stealth Rock
447,grass-knot,4,12,,20.0,100.0,0,10,3,197,,4.0,,4.0,Grass Knot
448,chatter,4,3,65.0,20.0,100.0,0,10,3,268,100.0,4.0,,23.0,Chatter
449,judgment,4,1,100.0,10.0,100.0,0,10,3,269,,4.0,,14.0,Judgment
450,bug-bite,4,7,60.0,20.0,100.0,0,10,2,225,,5.0,,12.0,Bug Bite
451,charge-beam,4,13,50.0,10.0,90.0,0,10,3,277,70.0,2.0,,17.0,Charge Beam
452,wood-hammer,4,12,120.0,15.0,100.0,0,10,2,199,,5.0,,18.0,Wood Hammer
453,aqua-jet,4,11,40.0,20.0,100.0,1,10,2,104,,2.0,,1.0,Aqua Jet
454,attack-order,4,7,90.0,15.0,100.0,0,10,2,44,,4.0,,4.0,Attack Order
455,defend-order,4,7,,10.0,,0,7,1,207,,4.0,,11.0,Defend Order
456,heal-order,4,7,,10.0,,0,7,1,33,,4.0,,8.0,Heal Order
457,head-smash,4,6,150.0,5.0,80.0,0,10,2,270,,5.0,,22.0,Head Smash
458,double-hit,4,1,35.0,10.0,90.0,0,10,2,45,,4.0,,7.0,Double Hit
459,roar-of-time,4,16,150.0,5.0,90.0,0,10,3,81,,1.0,,22.0,Roar of Time
460,spacial-rend,4,16,100.0,5.0,95.0,0,10,3,44,,5.0,,4.0,Spacial Rend
461,lunar-dance,4,14,,10.0,,0,7,1,271,,2.0,,8.0,Lunar Dance
462,crush-grip,4,1,,5.0,100.0,0,10,2,238,,5.0,,15.0,Crush Grip
463,magma-storm,4,10,100.0,5.0,75.0,0,10,3,43,100.0,5.0,,7.0,Magma Storm
464,dark-void,4,17,,10.0,50.0,0,11,1,2,,4.0,,19.0,Dark Void
465,seed-flare,4,12,120.0,5.0,85.0,0,10,3,272,40.0,1.0,,22.0,Seed Flare
466,ominous-wind,4,8,60.0,5.0,100.0,0,10,3,141,10.0,4.0,,11.0,Ominous Wind
467,shadow-force,4,8,120.0,5.0,100.0,0,10,2,273,,4.0,,22.0,Shadow Force
468,hone-claws,5,17,,15.0,,0,7,1,278,,,,,Hone Claws
469,wide-guard,5,6,,10.0,,3,4,1,279,,,,,Wide Guard
470,guard-split,5,14,,10.0,,0,10,1,280,,,,,Guard Split
471,power-split,5,14,,10.0,,0,10,1,281,,,,,Power Split
472,wonder-room,5,14,,10.0,,0,12,1,282,,,,,Wonder Room
473,psyshock,5,14,80.0,10.0,100.0,0,10,3,283,,,,,Psyshock
474,venoshock,5,4,65.0,10.0,100.0,0,10,3,284,,,,,Venoshock
475,autotomize,5,9,,15.0,,0,7,1,285,,,,,Autotomize
476,rage-powder,5,7,,20.0,,2,7,1,173,,,,,Rage Powder
477,telekinesis,5,14,,15.0,,0,10,1,286,,,,,Telekinesis
478,magic-room,5,14,,10.0,,0,12,1,287,,,,,Magic Room
479,smack-down,5,6,50.0,15.0,100.0,0,10,2,288,100.0,,,,Smack Down
480,storm-throw,5,2,60.0,10.0,100.0,0,10,2,289,,,,,Storm Throw
481,flame-burst,5,10,70.0,15.0,100.0,0,10,3,290,,,,,Flame Burst
482,sludge-wave,5,4,95.0,10.0,100.0,0,9,3,3,10.0,,,,Sludge Wave
483,quiver-dance,5,7,,20.0,,0,7,1,291,,,,,Quiver Dance
484,heavy-slam,5,9,,10.0,100.0,0,10,2,292,,,,,Heavy Slam
485,synchronoise,5,14,120.0,10.0,100.0,0,9,3,293,,,,,Synchronoise
486,electro-ball,5,13,,10.0,100.0,0,10,3,294,,,,,Electro Ball
487,soak,5,11,,20.0,100.0,0,10,1,295,,,,,Soak
488,flame-charge,5,10,50.0,20.0,100.0,0,10,2,296,100.0,,,,Flame Charge
489,coil,5,4,,20.0,,0,7,1,323,,,,,Coil
490,low-sweep,5,2,65.0,20.0,100.0,0,10,2,21,100.0,,,,Low Sweep
491,acid-spray,5,4,40.0,20.0,100.0,0,10,3,297,100.0,,,,Acid Spray
492,foul-play,5,17,95.0,15.0,100.0,0,10,2,298,,,,,Foul Play
493,simple-beam,5,1,,15.0,100.0,0,10,1,299,,,,,Simple Beam
494,entrainment,5,1,,15.0,100.0,0,10,1,300,,,,,Entrainment
495,after-you,5,1,,15.0,,0,10,1,301,,,,,After You
496,round,5,1,60.0,15.0,100.0,0,10,3,302,,,,,Round
497,echoed-voice,5,1,40.0,15.0,100.0,0,10,3,303,,,,,Echoed Voice
498,chip-away,5,1,70.0,20.0,100.0,0,10,2,304,,,,,Chip Away
499,clear-smog,5,4,50.0,15.0,,0,10,3,305,,,,,Clear Smog
500,stored-power,5,14,20.0,10.0,100.0,0,10,3,306,,,,,Stored Power
501,quick-guard,5,2,,15.0,,3,4,1,307,,,,,Quick Guard
502,ally-switch,5,14,,15.0,,2,7,1,308,,,,,Ally Switch
503,scald,5,11,80.0,15.0,100.0,0,10,3,5,30.0,,,,Scald
504,shell-smash,5,1,,15.0,,0,7,1,309,,,,,Shell Smash
505,heal-pulse,5,14,,10.0,,0,10,1,310,,,,,Heal Pulse
506,hex,5,8,65.0,10.0,100.0,0,10,3,311,,,,,Hex
507,sky-drop,5,3,60.0,10.0,100.0,0,10,2,312,,,,,Sky Drop
508,shift-gear,5,9,,10.0,,0,7,1,313,,,,,Shift Gear
509,circle-throw,5,2,60.0,10.0,90.0,-6,10,2,314,,,,,Circle Throw
510,incinerate,5,10,60.0,15.0,100.0,0,11,3,315,,,,,Incinerate
511,quash,5,17,,15.0,100.0,0,10,1,316,,,,,Quash
512,acrobatics,5,3,55.0,15.0,100.0,0,10,2,318,,,,,Acrobatics
513,reflect-type,5,1,,15.0,,0,10,1,319,,,,,Reflect Type
514,retaliate,5,1,70.0,5.0,100.0,0,10,2,320,,,,,Retaliate
515,final-gambit,5,2,,5.0,100.0,0,10,3,321,,,,,Final Gambit
516,bestow,5,1,,15.0,,0,10,1,324,,,,,Bestow
517,inferno,5,10,100.0,5.0,50.0,0,10,3,5,100.0,,,,Inferno
518,water-pledge,5,11,80.0,10.0,100.0,0,10,3,325,,,,,Water Pledge
519,fire-pledge,5,10,80.0,10.0,100.0,0,10,3,326,,,,,Fire Pledge
520,grass-pledge,5,12,80.0,10.0,100.0,0,10,3,327,,,,,Grass Pledge
521,volt-switch,5,13,70.0,20.0,100.0,0,10,3,229,,,,,Volt Switch
522,struggle-bug,5,7,50.0,20.0,100.0,0,11,3,72,100.0,,,,Struggle Bug
523,bulldoze,5,5,60.0,20.0,100.0,0,9,2,71,100.0,,,,Bulldoze
524,frost-breath,5,15,60.0,10.0,90.0,0,10,3,289,100.0,,,,Frost Breath
525,dragon-tail,5,16,60.0,10.0,90.0,-6,10,2,314,,,,,Dragon Tail
526,work-up,5,1,,30.0,,0,7,1,328,,,,,Work Up
527,electroweb,5,13,55.0,15.0,95.0,0,11,3,21,100.0,,,,Electroweb
528,wild-charge,5,13,90.0,15.0,100.0,0,10,2,49,,,,,Wild Charge
529,drill-run,5,5,80.0,10.0,95.0,0,10,2,44,,,,,Drill Run
530,dual-chop,5,16,40.0,15.0,90.0,0,10,2,45,,,,,Dual Chop
531,heart-stamp,5,14,60.0,25.0,100.0,0,10,2,32,30.0,,,,Heart Stamp
532,horn-leech,5,12,75.0,10.0,100.0,0,10,2,4,,,,,Horn Leech
533,sacred-sword,5,2,90.0,15.0,100.0,0,10,2,304,,,,,Sacred Sword
534,razor-shell,5,11,75.0,10.0,95.0,0,10,2,70,50.0,,,,Razor Shell
535,heat-crash,5,10,,10.0,100.0,0,10,2,292,,,,,Heat Crash
536,leaf-tornado,5,12,65.0,10.0,90.0,0,10,3,74,50.0,,,,Leaf Tornado
537,steamroller,5,7,65.0,20.0,100.0,0,10,2,151,30.0,,,,Steamroller
538,cotton-guard,5,12,,10.0,,0,7,1,329,,,,,Cotton Guard
539,night-daze,5,17,85.0,10.0,95.0,0,10,3,74,40.0,,,,Night Daze
540,psystrike,5,14,100.0,10.0,100.0,0,10,3,283,,,,,Psystrike
541,tail-slap,5,1,25.0,10.0,85.0,0,10,2,30,,,,,Tail Slap
542,hurricane,5,3,110.0,10.0,70.0,0,10,3,334,30.0,,,,Hurricane
543,head-charge,5,1,120.0,15.0,100.0,0,10,2,49,,,,,Head Charge
544,gear-grind,5,9,50.0,15.0,85.0,0,10,2,45,,,,,Gear Grind
545,searing-shot,5,10,100.0,5.0,100.0,0,9,3,5,30.0,,,,Searing Shot
546,techno-blast,5,1,120.0,5.0,100.0,0,10,3,269,,,,,Techno Blast
547,relic-song,5,1,75.0,10.0,100.0,0,11,3,330,10.0,,,,Relic Song
548,secret-sword,5,2,85.0,10.0,100.0,0,10,3,283,,,,,Secret Sword
549,glaciate,5,15,65.0,10.0,95.0,0,11,3,331,100.0,,,,Glaciate
550,bolt-strike,5,13,130.0,5.0,85.0,0,10,2,7,20.0,,,,Bolt Strike
551,blue-flare,5,10,130.0,5.0,85.0,0,10,3,5,20.0,,,,Blue Flare
552,fiery-dance,5,10,80.0,10.0,100.0,0,10,3,277,50.0,,,,Fiery Dance
553,freeze-shock,5,15,140.0,5.0,90.0,0,10,2,332,30.0,,,,Freeze Shock
554,ice-burn,5,15,140.0,5.0,90.0,0,10,3,333,30.0,,,,Ice Burn
555,snarl,5,17,55.0,15.0,95.0,0,11,3,72,100.0,,,,Snarl
556,icicle-crash,5,15,85.0,10.0,90.0,0,10,2,32,30.0,,,,Icicle Crash
557,v-create,5,10,180.0,5.0,95.0,0,10,2,335,100.0,,,,V-create
558,fusion-flare,5,10,100.0,5.0,100.0,0,10,3,336,,,,,Fusion Flare
559,fusion-bolt,5,13,100.0,5.0,100.0,0,10,2,337,,,,,Fusion Bolt
560,flying-press,6,2,100.0,10.0,95.0,0,10,2,338,,,,,Flying Press
561,mat-block,6,2,,10.0,,0,4,1,377,,,,,Mat Block
562,belch,6,4,120.0,10.0,90.0,0,10,3,339,,,,,Belch
563,rototiller,6,5,,10.0,,0,14,1,340,100.0,,,,Rototiller
564,sticky-web,6,7,,20.0,,0,6,1,341,,,,,Sticky Web
565,fell-stinger,6,7,50.0,25.0,100.0,0,10,2,342,,,,,Fell Stinger
566,phantom-force,6,8,90.0,10.0,100.0,0,10,2,273,,,,,Phantom Force
567,trick-or-treat,6,8,,20.0,100.0,0,10,1,343,,,,,Trick-or-Treat
568,noble-roar,6,1,,30.0,100.0,0,10,1,344,100.0,,,,Noble Roar
569,ion-deluge,6,13,,25.0,,1,12,1,345,,,,,Ion Deluge
570,parabolic-charge,6,13,65.0,20.0,100.0,0,9,3,346,,,,,Parabolic Charge
571,forests-curse,6,12,,20.0,100.0,0,10,1,376,,,,,Forest’s Curse
572,petal-blizzard,6,12,90.0,15.0,100.0,0,9,2,379,,,,,Petal Blizzard
573,freeze-dry,6,15,70.0,20.0,100.0,0,10,3,380,10.0,,,,Freeze-Dry
574,disarming-voice,6,18,40.0,15.0,,0,11,3,381,,,,,Disarming Voice
575,parting-shot,6,17,,20.0,100.0,0,10,1,347,100.0,,,,Parting Shot
576,topsy-turvy,6,17,,20.0,,0,10,1,348,,,,,Topsy-Turvy
577,draining-kiss,6,18,50.0,10.0,100.0,0,10,3,349,,,,,Draining Kiss
578,crafty-shield,6,18,,10.0,,3,4,1,350,,,,,Crafty Shield
579,flower-shield,6,18,,10.0,,0,14,1,351,100.0,,,,Flower Shield
580,grassy-terrain,6,12,,10.0,,0,12,1,352,,,,,Grassy Terrain
581,misty-terrain,6,18,,10.0,,0,12,1,353,,,,,Misty Terrain
582,electrify,6,13,,20.0,,0,10,1,354,,,,,Electrify
583,play-rough,6,18,90.0,10.0,90.0,0,10,2,69,10.0,,,,Play Rough
584,fairy-wind,6,18,40.0,30.0,100.0,0,10,3,1,,,,,Fairy Wind
585,moonblast,6,18,95.0,15.0,100.0,0,10,3,72,30.0,,,,Moonblast
586,boomburst,6,1,140.0,10.0,100.0,0,9,3,379,,,,,Boomburst
587,fairy-lock,6,18,,10.0,,0,12,1,355,,,,,Fairy Lock
588,kings-shield,6,9,,10.0,,4,7,1,356,,,,,King’s Shield
589,play-nice,6,1,,20.0,,0,10,1,357,100.0,,,,Play Nice
590,confide,6,1,,20.0,,0,10,1,358,100.0,,,,Confide
591,diamond-storm,6,6,100.0,5.0,95.0,0,11,2,359,50.0,,,,Diamond Storm
592,steam-eruption,6,11,110.0,5.0,95.0,0,10,3,5,30.0,,,,Steam Eruption
593,hyperspace-hole,6,14,80.0,5.0,,0,10,3,360,,,,,Hyperspace Hole
594,water-shuriken,6,11,15.0,20.0,100.0,1,10,3,361,,,,,Water Shuriken
595,mystical-fire,6,10,75.0,10.0,100.0,0,10,3,72,100.0,,,,Mystical Fire
596,spiky-shield,6,12,,10.0,,4,7,1,362,,,,,Spiky Shield
597,aromatic-mist,6,18,,20.0,,0,3,1,363,,,,,Aromatic Mist
598,eerie-impulse,6,13,,15.0,100.0,0,10,1,62,,,,,Eerie Impulse
599,venom-drench,6,4,,20.0,100.0,0,11,1,364,100.0,,,,Venom Drench
600,powder,6,7,,20.0,100.0,1,10,1,378,,,,,Powder
601,geomancy,6,18,,10.0,,0,7,1,366,,,,,Geomancy
602,magnetic-flux,6,13,,20.0,,0,13,1,367,,,,,Magnetic Flux
603,happy-hour,6,1,,30.0,,0,4,1,368,,,,,Happy Hour
604,electric-terrain,6,13,,10.0,,0,12,1,369,,,,,Electric Terrain
605,dazzling-gleam,6,18,80.0,10.0,100.0,0,11,3,1,,,,,Dazzling Gleam
606,celebrate,6,1,,40.0,,0,7,1,370,,,,,Celebrate
607,hold-hands,6,1,,40.0,,0,3,1,371,,,,,Hold Hands
608,baby-doll-eyes,6,18,,30.0,100.0,1,10,1,365,,,,,Baby-Doll Eyes
609,nuzzle,6,13,20.0,20.0,100.0,0,10,2,372,100.0,,,,Nuzzle
610,hold-back,6,1,40.0,40.0,100.0,0,10,2,102,,,,,Hold Back
611,infestation,6,7,20.0,20.0,100.0,0,10,3,43,100.0,,,,Infestation
612,power-up-punch,6,2,40.0,20.0,100.0,0,10,2,375,100.0,,,,Power-Up Punch
613,oblivion-wing,6,3,80.0,10.0,100.0,0,10,3,349,,,,,Oblivion Wing
614,thousand-arrows,6,5,90.0,10.0,100.0,0,11,2,373,100.0,,,,Thousand Arrows
615,thousand-waves,6,5,90.0,10.0,100.0,0,11,2,374,,,,,Thousand Waves
616,lands-wrath,6,5,90.0,10.0,100.0,0,11,2,1,,,,,Land’s Wrath
617,light-of-ruin,6,18,140.0,5.0,90.0,0,10,3,270,,,,,Light of Ruin
618,origin-pulse,6,11,110.0,10.0,85.0,0,11,3,1,,,,,Origin Pulse
619,precipice-blades,6,5,120.0,10.0,85.0,0,11,2,1,,,,,Precipice Blades
620,dragon-ascent,6,3,120.0,5.0,100.0,0,10,2,230,100.0,,,,Dragon Ascent
621,hyperspace-fury,6,17,100.0,5.0,,0,10,2,360,100.0,,,,Hyperspace Fury
622,breakneck-blitz--physical,7,1,,1.0,,0,10,2,1,,,,,Breakneck Blitz
623,breakneck-blitz--special,7,1,,1.0,,0,10,3,1,,,,,Breakneck Blitz
624,all-out-pummeling--physical,7,2,,1.0,,0,10,2,1,,,,,All-Out Pummeling
625,all-out-pummeling--special,7,2,,1.0,,0,10,3,1,,,,,All-Out Pummeling
626,supersonic-skystrike--physical,7,3,,1.0,,0,10,2,1,,,,,Supersonic Skystrike
627,supersonic-skystrike--special,7,3,,1.0,,0,10,3,1,,,,,Supersonic Skystrike
628,acid-downpour--physical,7,4,,1.0,,0,10,2,1,,,,,Acid Downpour
629,acid-downpour--special,7,4,,1.0,,0,10,3,1,,,,,Acid Downpour
630,tectonic-rage--physical,7,5,,1.0,,0,10,2,1,,,,,Tectonic Rage
631,tectonic-rage--special,7,5,,1.0,,0,10,3,1,,,,,Tectonic Rage
632,continental-crush--physical,7,6,,1.0,,0,10,2,1,,,,,Continental Crush
633,continental-crush--special,7,6,,1.0,,0,10,3,1,,,,,Continental Crush
634,savage-spin-out--physical,7,7,,1.0,,0,10,2,1,,,,,Savage Spin-Out
635,savage-spin-out--special,7,7,,1.0,,0,10,3,1,,,,,Savage Spin-Out
636,never-ending-nightmare--physical,7,8,,1.0,,0,10,2,1,,,,,Never-Ending Nightmare
637,never-ending-nightmare--special,7,8,,1.0,,0,10,3,1,,,,,Never-Ending Nightmare
638,corkscrew-crash--physical,7,9,,1.0,,0,10,2,1,,,,,Corkscrew Crash
639,corkscrew-crash--special,7,9,,1.0,,0,10,3,1,,,,,Corkscrew Crash
640,inferno-overdrive--physical,7,10,,1.0,,0,10,2,1,,,,,Inferno Overdrive
641,inferno-overdrive--special,7,10,,1.0,,0,10,3,1,,,,,Inferno Overdrive
642,hydro-vortex--physical,7,11,,1.0,,0,10,2,1,,,,,Hydro Vortex
643,hydro-vortex--special,7,11,,1.0,,0,10,3,1,,,,,Hydro Vortex
644,bloom-doom--physical,7,12,,1.0,,0,10,2,1,,,,,Bloom Doom
645,bloom-doom--special,7,12,,1.0,,0,10,3,1,,,,,Bloom Doom
646,gigavolt-havoc--physical,7,13,,1.0,,0,10,2,1,,,,,Gigavolt Havoc
647,gigavolt-havoc--special,7,13,,1.0,,0,10,3,1,,,,,Gigavolt Havoc
648,shattered-psyche--physical,7,14,,1.0,,0,10,2,1,,,,,Shattered Psyche
649,shattered-psyche--special,7,14,,1.0,,0,10,3,1,,,,,Shattered Psyche
650,subzero-slammer--physical,7,15,,1.0,,0,10,2,1,,,,,Subzero Slammer
651,subzero-slammer--special,7,15,,1.0,,0,10,3,1,,,,,Subzero Slammer
652,devastating-drake--physical,7,16,,1.0,,0,10,2,1,,,,,Devastating Drake
653,devastating-drake--special,7,16,,1.0,,0,10,3,1,,,,,Devastating Drake
654,black-hole-eclipse--physical,7,17,,1.0,,0,10,2,1,,,,,Black Hole Eclipse
655,black-hole-eclipse--special,7,17,,1.0,,0,10,3,1,,,,,Black Hole Eclipse
656,twinkle-tackle--physical,7,18,,1.0,,0,10,2,1,,,,,Twinkle Tackle
657,twinkle-tackle--special,7,18,,1.0,,0,10,3,1,,,,,Twinkle Tackle
658,catastropika,7,13,210.0,1.0,,0,10,2,1,,,,,Catastropika
659,shore-up,7,5,,10.0,,0,7,1,382,,,,,Shore Up
660,first-impression,7,7,90.0,10.0,100.0,2,10,2,383,,,,,First Impression
661,baneful-bunker,7,4,,10.0,,4,7,1,384,,,,,Baneful Bunker
662,spirit-shackle,7,8,80.0,10.0,100.0,0,10,2,385,,,,,Spirit Shackle
663,darkest-lariat,7,17,85.0,10.0,100.0,0,10,2,304,,,,,Darkest Lariat
664,sparkling-aria,7,11,90.0,10.0,100.0,0,9,3,386,,,,,Sparkling Aria
665,ice-hammer,7,15,100.0,10.0,90.0,0,10,2,219,100.0,,,,Ice Hammer
666,floral-healing,7,18,,10.0,,0,10,1,387,,,,,Floral Healing
667,high-horsepower,7,5,95.0,10.0,95.0,0,10,2,1,,,,,High Horsepower
668,strength-sap,7,12,,10.0,100.0,0,10,1,388,100.0,,,,Strength Sap
669,solar-blade,7,12,125.0,10.0,100.0,0,10,2,152,,,,,Solar Blade
670,leafage,7,12,40.0,40.0,100.0,0,10,2,1,,,,,Leafage
671,spotlight,7,1,,15.0,,3,10,1,389,,,,,Spotlight
672,toxic-thread,7,4,,20.0,100.0,0,10,1,390,100.0,,,,Toxic Thread
673,laser-focus,7,1,,30.0,,0,7,1,391,,,,,Laser Focus
674,gear-up,7,9,,20.0,,0,13,1,392,,,,,Gear Up
675,throat-chop,7,17,80.0,15.0,100.0,0,10,2,393,100.0,,,,Throat Chop
676,pollen-puff,7,7,90.0,15.0,100.0,0,10,3,394,,,,,Pollen Puff
677,anchor-shot,7,9,80.0,20.0,100.0,0,10,2,385,,,,,Anchor Shot
678,psychic-terrain,7,14,,10.0,,0,12,1,395,,,,,Psychic Terrain
679,lunge,7,7,80.0,15.0,100.0,0,10,2,396,100.0,,,,Lunge
680,fire-lash,7,10,80.0,15.0,100.0,0,10,2,397,100.0,,,,Fire Lash
681,power-trip,7,17,20.0,10.0,100.0,0,10,2,306,,,,,Power Trip
682,burn-up,7,10,130.0,5.0,100.0,0,10,3,398,,,,,Burn Up
683,speed-swap,7,14,,10.0,,0,10,1,399,,,,,Speed Swap
684,smart-strike,7,9,70.0,10.0,,0,10,2,18,,,,,Smart Strike
685,purify,7,4,,20.0,,0,10,1,400,,,,,Purify
686,revelation-dance,7,1,90.0,15.0,100.0,0,10,3,401,,,,,Revelation Dance
687,core-enforcer,7,16,100.0,10.0,100.0,0,11,3,402,,,,,Core Enforcer
688,trop-kick,7,12,70.0,15.0,100.0,0,10,2,396,100.0,,,,Trop Kick
689,instruct,7,14,,15.0,,0,10,1,403,,,,,Instruct
690,beak-blast,7,3,100.0,15.0,100.0,-3,10,2,404,,,,,Beak Blast
691,clanging-scales,7,16,110.0,5.0,100.0,0,11,3,405,100.0,,,,Clanging Scales
692,dragon-hammer,7,16,90.0,15.0,100.0,0,10,2,1,,,,,Dragon Hammer
693,brutal-swing,7,17,60.0,20.0,100.0,0,9,2,406,,,,,Brutal Swing
694,aurora-veil,7,15,,20.0,,0,4,1,407,,,,,Aurora Veil
695,sinister-arrow-raid,7,8,180.0,1.0,,0,10,2,1,,,,,Sinister Arrow Raid
696,malicious-moonsault,7,17,180.0,1.0,,0,10,2,1,,,,,Malicious Moonsault
697,oceanic-operetta,7,11,195.0,1.0,,0,10,3,1,,,,,Oceanic Operetta
698,guardian-of-alola,7,18,,1.0,,0,10,3,413,,,,,Guardian of Alola
699,soul-stealing-7-star-strike,7,8,195.0,1.0,,0,10,2,1,,,,,Soul-Stealing 7-Star Strike
700,stoked-sparksurfer,7,13,175.0,1.0,,0,10,3,7,100.0,,,,Stoked Sparksurfer
701,pulverizing-pancake,7,1,210.0,1.0,,0,10,2,1,,,,,Pulverizing Pancake
702,extreme-evoboost,7,1,,1.0,,0,7,1,414,100.0,,,,Extreme Evoboost
703,genesis-supernova,7,14,185.0,1.0,,0,10,3,415,,,,,Genesis Supernova
704,shell-trap,7,10,150.0,5.0,100.0,-3,11,3,408,,,,,Shell Trap
705,fleur-cannon,7,18,130.0,5.0,90.0,0,10,3,205,100.0,,,,Fleur Cannon
706,psychic-fangs,7,14,85.0,10.0,100.0,0,10,2,187,,,,,Psychic Fangs
707,stomping-tantrum,7,5,75.0,10.0,100.0,0,10,2,409,,,,,Stomping Tantrum
708,shadow-bone,7,8,85.0,10.0,100.0,0,10,2,70,20.0,,,,Shadow Bone
709,accelerock,7,6,40.0,20.0,100.0,1,10,2,104,,,,,Accelerock
710,liquidation,7,11,85.0,10.0,100.0,0,10,2,70,20.0,,,,Liquidation
711,prismatic-laser,7,14,160.0,10.0,100.0,0,10,3,81,,,,,Prismatic Laser
712,spectral-thief,7,8,90.0,10.0,100.0,0,10,2,410,,,,,Spectral Thief
713,sunsteel-strike,7,9,100.0,5.0,100.0,0,10,2,411,,,,,Sunsteel Strike
714,moongeist-beam,7,8,100.0,5.0,100.0,0,10,3,411,,,,,Moongeist Beam
715,tearful-look,7,1,,20.0,,0,10,1,412,100.0,,,,Tearful Look
716,zing-zap,7,13,80.0,10.0,100.0,0,10,2,32,30.0,,,,Zing Zap
717,natures-madness,7,18,,10.0,90.0,0,10,3,41,,,,,Nature’s Madness
718,multi-attack,7,1,120.0,10.0,100.0,0,10,2,269,,,,,Multi-Attack
719,10-000-000-volt-thunderbolt,7,13,195.0,1.0,,0,10,3,1,,,,,"10,000,000 Volt Thunderbolt"
720,mind-blown,7,10,150.0,5.0,100.0,0,9,3,420,,,,,Mind Blown
721,plasma-fists,7,13,100.0,15.0,100.0,0,10,2,1,,,,,Plasma Fists
722,photon-geyser,7,14,100.0,5.0,100.0,0,10,3,1,,,,,Photon Geyser
723,light-that-burns-the-sky,7,14,200.0,1.0,,0,10,3,416,,,,,Light That Burns the Sky
724,searing-sunraze-smash,7,9,200.0,1.0,,0,10,2,411,,,,,Searing Sunraze Smash
725,menacing-moonraze-maelstrom,7,8,200.0,1.0,,0,10,3,411,,,,,Menacing Moonraze Maelstrom
726,lets-snuggle-forever,7,18,190.0,1.0,,0,10,2,417,,,,,Let’s Snuggle Forever
727,splintered-stormshards,7,6,190.0,1.0,,0,10,2,418,,,,,Splintered Stormshards
728,clangorous-soulblaze,7,16,185.0,1.0,,0,11,3,419,100.0,,,,Clangorous Soulblaze
729,zippy-zap,7,13,80.0,10.0,100.0,2,10,2,1,100.0,,,,Zippy Zap
730,splishy-splash,7,11,90.0,15.0,100.0,0,11,3,1,30.0,,,,Splishy Splash
731,floaty-fall,7,3,90.0,15.0,95.0,0,10,2,1,30.0,,,,Floaty Fall
732,pika-papow,7,13,,20.0,,0,10,3,1,,,,,Pika Papow
733,bouncy-bubble,7,11,60.0,20.0,100.0,0,10,3,1,,,,,Bouncy Bubble
734,buzzy-buzz,7,13,60.0,20.0,100.0,0,10,3,1,100.0,,,,Buzzy Buzz
735,sizzly-slide,7,10,60.0,20.0,100.0,0,10,2,1,100.0,,,,Sizzly Slide
736,glitzy-glow,7,14,80.0,15.0,95.0,0,10,3,1,,,,,Glitzy Glow
737,baddy-bad,7,17,80.0,15.0,95.0,0,10,3,1,,,,,Baddy Bad
738,sappy-seed,7,12,100.0,10.0,90.0,0,10,2,1,100.0,,,,Sappy Seed
739,freezy-frost,7,15,100.0,10.0,90.0,0,10,3,1,,,,,Freezy Frost
740,sparkly-swirl,7,18,120.0,5.0,85.0,0,10,3,1,,,,,Sparkly Swirl
741,veevee-volley,7,1,,20.0,,0,10,2,1,,,,,Veevee Volley
742,double-iron-bash,7,9,60.0,5.0,100.0,0,10,2,45,30.0,,,,Double Iron Bash
743,max-guard,8,1,,10.0,,4,7,1,112,,,,,Max Guard
744,dynamax-cannon,8,16,100.0,5.0,100.0,0,10,3,421,,,,,Dynamax Cannon
745,snipe-shot,8,11,80.0,15.0,100.0,0,10,3,422,,,,,Snipe Shot
746,jaw-lock,8,17,80.0,10.0,100.0,0,10,2,423,,,,,Jaw Lock
747,stuff-cheeks,8,1,,10.0,,0,7,1,424,100.0,,,,Stuff Cheeks
748,no-retreat,8,2,,5.0,,0,7,1,425,100.0,,,,No Retreat
749,tar-shot,8,6,,15.0,100.0,0,10,1,426,100.0,,,,Tar Shot
750,magic-powder,8,14,,20.0,100.0,0,10,1,427,,,,,Magic Powder
751,dragon-darts,8,16,50.0,10.0,100.0,0,10,2,428,,,,,Dragon Darts
752,teatime,8,1,,10.0,,0,14,1,429,,,,,Teatime
753,octolock,8,2,,15.0,100.0,0,10,1,430,,,,,Octolock
754,bolt-beak,8,13,85.0,10.0,100.0,0,10,2,431,,,,,Bolt Beak
755,fishious-rend,8,11,85.0,10.0,100.0,0,10,2,431,,,,,Fishious Rend
756,court-change,8,1,,10.0,100.0,0,12,1,432,,,,,Court Change
757,max-flare,8,10,100.0,10.0,,0,2,2,1,,,,,Max Flare
758,max-flutterby,8,7,10.0,10.0,,0,2,2,1,,,,,Max Flutterby
759,max-lightning,8,13,10.0,10.0,,0,2,2,1,,,,,Max Lightning
760,max-strike,8,1,10.0,10.0,,0,2,2,1,,,,,Max Strike
761,max-knuckle,8,2,10.0,10.0,,0,2,2,1,,,,,Max Knuckle
762,max-phantasm,8,8,10.0,10.0,,0,2,2,1,,,,,Max Phantasm
763,max-hailstorm,8,15,10.0,10.0,,0,2,2,1,,,,,Max Hailstorm
764,max-ooze,8,4,10.0,10.0,,0,2,2,1,,,,,Max Ooze
765,max-geyser,8,11,10.0,10.0,,0,2,2,1,,,,,Max Geyser
766,max-airstream,8,3,10.0,10.0,,0,2,2,1,,,,,Max Airstream
767,max-starfall,8,18,10.0,10.0,,0,2,2,1,,,,,Max Starfall
768,max-wyrmwind,8,16,10.0,10.0,,0,2,2,1,,,,,Max Wyrmwind
769,max-mindstorm,8,14,10.0,10.0,,0,2,2,1,,,,,Max Mindstorm
770,max-rockfall,8,6,10.0,10.0,,0,2,2,1,,,,,Max Rockfall
771,max-quake,8,5,10.0,10.0,,0,2,2,1,,,,,Max Quake
772,max-darkness,8,17,10.0,10.0,,0,2,2,1,,,,,Max Darkness
773,max-overgrowth,8,12,10.0,10.0,,0,2,2,1,,,,,Max Overgrowth
774,max-steelspike,8,9,10.0,10.0,,0,2,2,1,,,,,Max Steelspike
775,clangorous-soul,8,16,,5.0,100.0,0,7,1,433,100.0,,,,Clangorous Soul
776,body-press,8,2,80.0,10.0,100.0,0,10,2,434,,,,,Body Press
777,decorate,8,18,,15.0,,0,10,1,435,100.0,,,,Decorate
778,drum-beating,8,12,80.0,10.0,100.0,0,10,2,71,100.0,,,,Drum Beating
779,snap-trap,8,12,35.0,15.0,100.0,0,10,2,43,100.0,,,,Snap Trap
780,pyro-ball,8,10,120.0,5.0,90.0,0,10,2,5,10.0,,,,Pyro Ball
781,behemoth-blade,8,9,100.0,5.0,100.0,0,10,2,436,,,,,Behemoth Blade
782,behemoth-bash,8,9,100.0,5.0,100.0,0,10,2,436,,,,,Behemoth Bash
783,aura-wheel,8,13,110.0,10.0,100.0,0,10,2,437,100.0,,,,Aura Wheel
784,breaking-swipe,8,16,60.0,15.0,100.0,0,11,2,396,100.0,,,,Breaking Swipe
785,branch-poke,8,12,40.0,40.0,100.0,0,10,2,1,,,,,Branch Poke
786,overdrive,8,13,80.0,10.0,100.0,0,11,3,439,,,,,Overdrive
787,apple-acid,8,12,80.0,10.0,100.0,0,10,3,440,100.0,,,,Apple Acid
788,grav-apple,8,12,80.0,10.0,100.0,0,10,2,397,100.0,,,,Grav Apple
789,spirit-break,8,18,75.0,15.0,100.0,0,10,2,72,100.0,,,,Spirit Break
790,strange-steam,8,18,90.0,10.0,95.0,0,10,3,77,20.0,,,,Strange Steam
791,life-dew,8,11,,10.0,,0,13,1,441,,,,,Life Dew
792,obstruct,8,17,,10.0,100.0,4,7,1,442,,,,,Obstruct
793,false-surrender,8,17,80.0,10.0,,0,10,2,18,,,,,False Surrender
794,meteor-assault,8,2,150.0,5.0,100.0,0,10,2,81,,,,,Meteor Assault
795,eternabeam,8,16,160.0,5.0,90.0,0,10,3,81,,,,,Eternabeam
796,steel-beam,8,9,140.0,5.0,95.0,0,10,3,420,,,,,Steel Beam
797,expanding-force,8,14,80.0,10.0,100.0,0,10,3,1,,,,,Expanding Force
798,steel-roller,8,9,130.0,5.0,100.0,0,10,2,1,,,,,Steel Roller
799,scale-shot,8,16,25.0,20.0,90.0,0,10,2,1,,,,,Scale Shot
800,meteor-beam,8,6,120.0,10.0,90.0,0,10,3,1,100.0,,,,Meteor Beam
801,shell-side-arm,8,4,90.0,10.0,100.0,0,10,3,1,20.0,,,,Shell Side Arm
802,misty-explosion,8,18,100.0,5.0,100.0,0,9,3,1,,,,,Misty Explosion
803,grassy-glide,8,12,70.0,20.0,100.0,0,10,2,1,,,,,Grassy Glide
804,rising-voltage,8,13,70.0,20.0,100.0,0,10,3,1,,,,,Rising Voltage
805,terrain-pulse,8,1,50.0,10.0,100.0,0,10,3,1,,,,,Terrain Pulse
806,skitter-smack,8,7,70.0,10.0,90.0,0,10,2,1,100.0,,,,Skitter Smack
807,burning-jealousy,8,10,70.0,5.0,100.0,0,11,3,1,100.0,,,,Burning Jealousy
808,lash-out,8,17,75.0,5.0,100.0,0,10,2,1,,,,,Lash Out
809,poltergeist,8,8,110.0,5.0,90.0,0,10,2,1,,,,,Poltergeist
810,corrosive-gas,8,4,,40.0,100.0,0,9,1,1,,,,,Corrosive Gas
811,coaching,8,2,,10.0,,0,13,1,1,100.0,,,,Coaching
812,flip-turn,8,11,60.0,20.0,100.0,0,10,2,1,,,,,Flip Turn
813,triple-axel,8,15,20.0,10.0,90.0,0,10,2,1,,,,,Triple Axel
814,dual-wingbeat,8,3,40.0,10.0,90.0,0,10,2,1,,,,,Dual Wingbeat
815,scorching-sands,8,5,70.0,10.0,100.0,0,10,3,1,30.0,,,,Scorching Sands
816,jungle-healing,8,12,,10.0,,0,13,1,1,,,,,Jungle Healing
817,wicked-blow,8,17,80.0,5.0,100.0,0,10,2,1,,,,,Wicked Blow
818,surging-strikes,8,11,25.0,5.0,100.0,0,10,2,1,,,,,Surging Strikes
819,thunder-cage,8,13,80.0,15.0,90.0,0,10,3,1,100.0,,,,Thunder Cage
820,dragon-energy,8,16,150.0,5.0,100.0,0,11,3,1,,,,,Dragon Energy
821,freezing-glare,8,14,90.0,10.0,100.0,0,10,3,1,10.0,,,,Freezing Glare
822,fiery-wrath,8,17,90.0,10.0,100.0,0,11,3,1,20.0,,,,Fiery Wrath
823,thunderous-kick,8,2,90.0,10.0,100.0,0,10,2,1,100.0,,,,Thunderous Kick
824,glacial-lance,8,15,130.0,5.0,100.0,0,11,2,1,,,,,Glacial Lance
825,astral-barrage,8,8,120.0,5.0,100.0,0,11,3,1,,,,,Astral Barrage
826,eerie-spell,8,14,80.0,5.0,100.0,0,10,3,1,,,,,Eerie Spell
10001,shadow-rush,3,10002,55.0,,100.0,0,10,2,10001,,,,,Shadow Rush
10002,shadow-blast,3,10002,80.0,,100.0,0,10,2,44,,,,,Shadow Blast
10003,shadow-blitz,3,10002,40.0,,100.0,0,10,2,1,,,,,Shadow Blitz
10004,shadow-bolt,3,10002,75.0,,100.0,0,10,3,7,10.0,,,,Shadow Bolt
10005,shadow-break,3,10002,75.0,,100.0,0,10,2,1,,,,,Shadow Break
10006,shadow-chill,3,10002,75.0,,100.0,0,10,3,6,10.0,,,,Shadow Chill
10007,shadow-end,3,10002,120.0,,60.0,0,10,2,10002,,,,,Shadow End
10008,shadow-fire,3,10002,75.0,,100.0,0,10,3,5,10.0,,,,Shadow Fire
10009,shadow-rave,3,10002,70.0,,100.0,0,6,3,1,,,,,Shadow Rave
10010,shadow-storm,3,10002,95.0,,100.0,0,6,3,1,,,,,Shadow Storm
10011,shadow-wave,3,10002,50.0,,100.0,0,6,3,1,,,,,Shadow Wave
10012,shadow-down,3,10002,,,100.0,0,6,1,60,,,,,Shadow Down
10013,shadow-half,3,10002,,,100.0,0,12,3,10003,,,,,Shadow Half
10014,shadow-hold,3,10002,,,,0,6,1,107,,,,,Shadow Hold
10015,shadow-mist,3,10002,,,100.0,0,6,1,10004,,,,,Shadow Mist
10016,shadow-panic,3,10002,,,90.0,0,6,1,50,,,,,Shadow Panic
10017,shadow-shed,3,10002,,,,0,12,1,10005,,,,,Shadow Shed
10018,shadow-sky,3,10002,,,,0,12,1,10006,,,,,Shadow Sky
